{
  "properties": {
    "connectionReferences": {
      "shared_commondataserviceforapps_2": {
        "runtimeSource": "embedded",
        "connection": {
          "connectionReferenceLogicalName": "burstbpa_APPAJTBURSTBPADataverseConnRef"
        },
        "api": {
          "name": "shared_commondataserviceforapps"
        }
      },
      "shared_office365_1": {
        "runtimeSource": "embedded",
        "connection": {
          "connectionReferenceLogicalName": "burstbpa_sharedoffice365_12ee2"
        },
        "api": {
          "name": "shared_office365"
        }
      }
    },
    "definition": {
      "$schema": "https://schema.management.azure.com/providers/Microsoft.Logic/schemas/2016-06-01/workflowdefinition.json#",
      "contentVersion": "1.0.0.0",
      "parameters": {
        "$connections": {
          "defaultValue": {},
          "type": "Object"
        },
        "$authentication": {
          "defaultValue": {},
          "type": "SecureObject"
        },
        "Eagle Eye Environment URL (burstbpa_EnvironmentURL)": {
          "defaultValue": "https://ajt-burst-dev.crm9.dynamics.com",
          "type": "String",
          "metadata": {
            "schemaName": "burstbpa_EnvironmentURL"
          }
        }
      },
      "triggers": {
        "When_a_new_email_arrives_(V3)": {
          "splitOn": "@triggerOutputs()?['body/value']",
          "metadata": {
            "operationMetadataId": "4beaf204-9098-45b8-9cd3-26fed859ffc8"
          },
          "type": "OpenApiConnectionNotification",
          "inputs": {
            "host": {
              "connectionName": "shared_office365_1",
              "operationId": "OnNewEmailV3",
              "apiId": "/providers/Microsoft.PowerApps/apis/shared_office365"
            },
            "parameters": {
              "folderPath": "Inbox",
              "to": "APP-AJT-BURST-BPA@faa.gov",
              "from": "james.b.bradford@faa.gov",
              "includeAttachments": true,
              "subjectFilter": "EE Position Usage Auto",
              "importance": "Any",
              "fetchOnlyWithAttachment": true
            },
            "authentication": "@parameters('$authentication')"
          }
        }
      },
      "actions": {
        "Initialize_variable_-_varItemCountARTCC": {
          "runAfter": {
            "Remove_Blank_NDC_Emp_Ids": [
              "Succeeded"
            ]
          },
          "metadata": {
            "operationMetadataId": "27b0b2c5-1f32-49f2-be82-cc86ef557b21"
          },
          "type": "InitializeVariable",
          "inputs": {
            "variables": [
              {
                "name": "varItemCountARTCC",
                "type": "integer",
                "value": -1
              }
            ]
          }
        },
        "Initialize_variable_-_varitemCount": {
          "runAfter": {
            "Remove_Blank_NDC_Emp_Ids": [
              "Succeeded"
            ]
          },
          "metadata": {
            "operationMetadataId": "c482fbde-2d9f-4b8a-bd6e-1cbf899845e3"
          },
          "type": "InitializeVariable",
          "inputs": {
            "variables": [
              {
                "name": "varItemCount",
                "type": "integer",
                "value": -1
              }
            ]
          }
        },
        "BATCH_Prep": {
          "actions": {
            "Settings": {
              "runAfter": {},
              "metadata": {
                "operationMetadataId": "afa51b73-3211-4fd8-b9a5-bd216061e21b"
              },
              "type": "Compose",
              "inputs": {
                "org": "@{parameters('Eagle Eye Environment URL (burstbpa_EnvironmentURL)')}",
                "tenantId": "TENANT ID HERE",
                "clientId": "CLIENT ID HERE",
                "clientSecret": "CLIENT SECRET HERE",
                "authority": "https://login.microsoftonline.com",
                "audience": "@{parameters('Eagle Eye Environment URL (burstbpa_EnvironmentURL)')}/",
                "batchSize": 1000,
                "entity": "TABLE LOGICAL PLURAL NAME HERE FOLLOWED BY A SPACE "
              },
              "description": "Requires an Azure Registered Application"
            },
            "Template": {
              "runAfter": {
                "Settings": [
                  "Succeeded"
                ]
              },
              "metadata": {
                "operationMetadataId": "e32d47d9-322f-4d42-8b18-efdb9dde56f0"
              },
              "type": "Compose",
              "inputs": "--changeset_@{actions('Settings')?['trackedProperties/changeSetGUID']}\nContent-Type: application/http\nContent-Transfer-Encoding: binary\nContent-ID: |ID|\n\nPOST  @{outputs('Settings')['org']}/api/data/v9.2/@{outputs('Settings')['entity']}HTTP/1.1\nContent-Type: application/json; charset=utf-8\n\n|RowData|"
            }
          },
          "runAfter": {
            "Parse_CSV_to_Dataverse_JSON": [
              "Succeeded"
            ]
          },
          "metadata": {
            "operationMetadataId": "0719c2f8-3ff2-4cd3-80e7-d8225726bb5c"
          },
          "type": "Scope"
        },
        "Parse_CSV_to_Dataverse_JSON": {
          "actions": {
            "File_to_CSV": {
              "runAfter": {},
              "metadata": {
                "operationMetadataId": "04f766d6-3008-452e-9dfd-1cb644c188c8"
              },
              "type": "Compose",
              "inputs": "@split(replace(replace(base64ToString(outputs('Get_Attachment')?['body/contentBytes']),decodeUriComponent('%0D'),''),'\"',''),decodeUriComponent('%0A'))"
            },
            "Select_Values_from_CSV_Array": {
              "runAfter": {
                "File_to_CSV": [
                  "Succeeded"
                ]
              },
              "metadata": {
                "operationMetadataId": "e2f7a8bf-58ee-4f2a-9514-c21f22ff20d7"
              },
              "type": "Select",
              "inputs": {
                "from": "@skip(outputs('File_to_CSV'),317)",
                "select": {
                  "cr788_datadate": "@if(Or(equals(coalesce(split(item(),';')?[0],''),null),equals(coalesce(split(item(),';')?[0],''),'')),'',formatDateTime(coalesce(split(item(),';')?[0],''),'yyyy-MM-dd'))",
                  "cr788_facility": "@coalesce(split(item(),';')?[1],'')",
                  "cr788_employeename": "@coalesce(split(item(),';')?[2],'')",
                  "cr788_areaname": "@coalesce(split(item(),';')?[3],'')",
                  "cr788_ndcempid": "@coalesce(split(item(),';')?[4],'')",
                  "cr788_positionid": "@coalesce(split(item(),';')?[5],'')",
                  "cr788_positionname": "@coalesce(split(item(),';')?[6],'')",
                  "cr788_tasktype": "@coalesce(split(item(),';')?[7],'')",
                  "burstbpa_taskstarttime": "@coalesce(split(item(),';')?[8],'')",
                  "burstbpa_taskstoptime": "@coalesce(split(item(),';')?[9],'')",
                  "cr788_taskperformedmins": "@coalesce(split(item(),';')?[10],'')",
                  "cr788_datefac": "@formatDateTime(utcNow(),'yyyyMMddThh')"
                }
              }
            }
          },
          "runAfter": {
            "Update_Status_to_Pending": [
              "Succeeded"
            ]
          },
          "metadata": {
            "operationMetadataId": "3064b736-2c7f-485a-ac38-808234e0bcd8"
          },
          "type": "Scope"
        },
        "ARTCC_Threads": {
          "actions": {
            "Filter_array_-_ARTCC": {
              "runAfter": {},
              "metadata": {
                "operationMetadataId": "6fe338c2-7d41-4963-b646-63ec2ae40f7e"
              },
              "type": "Query",
              "inputs": {
                "from": "@body('Remove_Blank_NDC_Emp_Ids')",
                "where": "@startsWith(item()?['cr788_facility'], 'Z')"
              },
              "description": "Custom Business logic. Can be removed but references below need to be changed."
            },
            "Threaded_Dataverse_Batch_ARTCC": {
              "actions": {
                "Thread_Prep_ARTCC": {
                  "actions": {
                    "Breakdown_Threads_2": {
                      "runAfter": {},
                      "metadata": {
                        "operationMetadataId": "50325599-23f7-4971-9857-cc1f48541f24"
                      },
                      "type": "Select",
                      "inputs": {
                        "from": "@take(skip(body('Filter_array_-_ARTCC'), mul(outputs('Settings')['batchSize'], iterationIndexes('Threaded_Dataverse_Batch_ARTCC'))), outputs('Settings')['batchSize'])",
                        "select": "@replace(replace(outputs('Template'), '|RowData|', string(item())), '|ID|', string(rand(1, 9999999)))"
                      }
                    },
                    "Set_variable_-_varItemCountARTCC": {
                      "runAfter": {
                        "Breakdown_Threads_2": [
                          "Succeeded"
                        ]
                      },
                      "metadata": {
                        "operationMetadataId": "2d3fea73-c356-4db0-83a4-83ded7808797"
                      },
                      "type": "SetVariable",
                      "inputs": {
                        "name": "varItemCountARTCC",
                        "value": "@length(body('Breakdown_Threads_2'))"
                      }
                    }
                  },
                  "runAfter": {},
                  "metadata": {
                    "operationMetadataId": "09517a33-2d1a-466a-bd5f-ca8f76a0c431"
                  },
                  "type": "Scope"
                },
                "Thread_Iteration_ARTCC": {
                  "actions": {
                    "Iterate_Through_Threads_2": {
                      "foreach": "@if(equals(variables('varItemCountARTCC'), 0), json('[]'), createArray(take(body('Breakdown_Threads_2'), div(length(body('Breakdown_Threads_2')), 2)), skip(body('Breakdown_Threads_2'), div(length(body('Breakdown_Threads_2')), 2))))",
                      "actions": {
                        "Parse_and_Send_Thread_ARTCC": {
                          "actions": {
                            "Batch_Data_2": {
                              "runAfter": {},
                              "metadata": {
                                "operationMetadataId": "231f1c02-e9fa-4b8c-9177-6eee6a68a5da"
                              },
                              "type": "Compose",
                              "inputs": "@join(item(), decodeUriComponent('%0A'))"
                            },
                            "Send_Batch_Thread_2": {
                              "runAfter": {
                                "Batch_Data_2": [
                                  "Succeeded"
                                ]
                              },
                              "metadata": {
                                "operationMetadataId": "a382e3cb-e0cb-4e80-9368-dce4bd58c264"
                              },
                              "type": "Http",
                              "inputs": {
                                "method": "POST",
                                "uri": "@{outputs('Settings')['org']}/api/data/v9.2/$batch",
                                "headers": {
                                  "Content-Type": "multipart/mixed;boundary=batch_@{actions('Settings')?['trackedProperties/changeSetGUID']}",
                                  "Accept": "application/json"
                                },
                                "body": "--batch_@{actions('Settings')?['trackedProperties/changeSetGUID']}\nContent-Type: multipart/mixed;boundary=changeset_@{actions('Settings')?['trackedProperties/changeSetGUID']}\n\n\n@{outputs('Batch_Data_2')}\n\n--changeset_@{actions('Settings')?['trackedProperties/changeSetGUID']}--\n--batch_@{actions('Settings')?['trackedProperties/changeSetGUID']}--",
                                "authentication": {
                                  "type": "ActiveDirectoryOAuth",
                                  "authority": "@{outputs('Settings')['authority']}",
                                  "tenant": "@{outputs('Settings')['tenantId']}",
                                  "audience": "@{outputs('Settings')['audience']}",
                                  "clientId": "@{outputs('Settings')['clientId']}",
                                  "secret": "@{outputs('Settings')['clientSecret']}"
                                }
                              }
                            }
                          },
                          "runAfter": {},
                          "metadata": {
                            "operationMetadataId": "aaa7ecc2-62ba-4ab3-9e49-67e2c01319e8"
                          },
                          "type": "Scope"
                        }
                      },
                      "runAfter": {},
                      "metadata": {
                        "operationMetadataId": "ff0afc67-e23b-4ebc-9783-71f98540add9"
                      },
                      "type": "Foreach",
                      "runtimeConfiguration": {
                        "concurrency": {
                          "repetitions": 10
                        }
                      }
                    }
                  },
                  "runAfter": {
                    "Thread_Prep_ARTCC": [
                      "Succeeded"
                    ]
                  },
                  "metadata": {
                    "operationMetadataId": "d8b72512-ddc8-43a9-ac29-e54f5a604f8c"
                  },
                  "type": "Scope"
                }
              },
              "runAfter": {
                "Filter_array_-_ARTCC": [
                  "Succeeded"
                ]
              },
              "expression": "@equals(variables('varItemCountARTCC'), 0)",
              "limit": {
                "count": 110,
                "timeout": "PT1H"
              },
              "metadata": {
                "operationMetadataId": "7680d28d-2ebf-44af-9fef-af9e918c87b1"
              },
              "type": "Until"
            }
          },
          "runAfter": {
            "Initialize_variable_-_varItemCountARTCC": [
              "Succeeded"
            ]
          },
          "metadata": {
            "operationMetadataId": "ca1bb246-c709-4f02-9413-b7d51222bbc5"
          },
          "type": "Scope"
        },
        "Non_ARTCC_Threads": {
          "actions": {
            "Filter_array_-_Non_ARTCC": {
              "runAfter": {},
              "metadata": {
                "operationMetadataId": "83912ae5-c940-4053-93b1-01d784737c81"
              },
              "type": "Query",
              "inputs": {
                "from": "@body('Remove_Blank_NDC_Emp_Ids')",
                "where": "@not(startsWith(item()?['cr788_facility'], 'Z'))"
              },
              "description": "Custom Business logic. Can be removed but references below need to be changed."
            },
            "Threaded_Dataverse_Batch": {
              "actions": {
                "Thread_Prep_Non_ARTCC": {
                  "actions": {
                    "Breakdown_Threads": {
                      "runAfter": {},
                      "metadata": {
                        "operationMetadataId": "50325599-23f7-4971-9857-cc1f48541f24"
                      },
                      "type": "Select",
                      "inputs": {
                        "from": "@take(skip(body('Filter_array_-_Non_ARTCC'), mul(outputs('Settings')['batchSize'], iterationIndexes('Threaded_Dataverse_Batch'))), outputs('Settings')['batchSize'])",
                        "select": "@replace(replace(outputs('Template'), '|RowData|', string(item())),'|ID|',string(rand(1,9999999)))"
                      }
                    },
                    "Set_variable_-_verItemCount": {
                      "runAfter": {
                        "Breakdown_Threads": [
                          "Succeeded"
                        ]
                      },
                      "metadata": {
                        "operationMetadataId": "2d3fea73-c356-4db0-83a4-83ded7808797"
                      },
                      "type": "SetVariable",
                      "inputs": {
                        "name": "varItemCount",
                        "value": "@length(body('Breakdown_Threads'))"
                      }
                    }
                  },
                  "runAfter": {},
                  "metadata": {
                    "operationMetadataId": "204fe782-f912-491f-a0c7-c2a1e13e0758"
                  },
                  "type": "Scope"
                },
                "Thread_Iteration_Non_ARTCC": {
                  "actions": {
                    "Iterate_Through_Threads": {
                      "foreach": "@if(equals(variables('varItemCount'), 0), json('[]'), createArray(take(body('Breakdown_Threads'), div(length(body('Breakdown_Threads')), 2)), skip(body('Breakdown_Threads'), div(length(body('Breakdown_Threads')), 2))))",
                      "actions": {
                        "Parse_and_Send_Thread_Non_ARTCC": {
                          "actions": {
                            "Batch_Data": {
                              "runAfter": {},
                              "metadata": {
                                "operationMetadataId": "231f1c02-e9fa-4b8c-9177-6eee6a68a5da"
                              },
                              "type": "Compose",
                              "inputs": "@join(item(), decodeUriComponent('%0A'))"
                            },
                            "Send_Batch_Thread": {
                              "runAfter": {
                                "Batch_Data": [
                                  "Succeeded"
                                ]
                              },
                              "metadata": {
                                "operationMetadataId": "a382e3cb-e0cb-4e80-9368-dce4bd58c264"
                              },
                              "type": "Http",
                              "inputs": {
                                "method": "POST",
                                "uri": "@{outputs('Settings')['org']}/api/data/v9.2/$batch",
                                "headers": {
                                  "Content-Type": "multipart/mixed;boundary=batch_@{actions('Settings')?['trackedProperties/changeSetGUID']}",
                                  "Accept": "application/json"
                                },
                                "body": "--batch_@{actions('Settings')?['trackedProperties/changeSetGUID']}\nContent-Type: multipart/mixed;boundary=changeset_@{actions('Settings')?['trackedProperties/changeSetGUID']}\n\n\n@{outputs('Batch_Data')}\n\n--changeset_@{actions('Settings')?['trackedProperties/changeSetGUID']}--\n--batch_@{actions('Settings')?['trackedProperties/changeSetGUID']}--",
                                "authentication": {
                                  "type": "ActiveDirectoryOAuth",
                                  "authority": "@{outputs('Settings')['authority']}",
                                  "tenant": "@{outputs('Settings')['tenantId']}",
                                  "audience": "@{outputs('Settings')['audience']}",
                                  "clientId": "@{outputs('Settings')['clientId']}",
                                  "secret": "@{outputs('Settings')['clientSecret']}"
                                }
                              }
                            }
                          },
                          "runAfter": {},
                          "metadata": {
                            "operationMetadataId": "639d2d0c-22b6-4665-86fd-bd1ab2715c84"
                          },
                          "type": "Scope"
                        }
                      },
                      "runAfter": {},
                      "metadata": {
                        "operationMetadataId": "ff0afc67-e23b-4ebc-9783-71f98540add9"
                      },
                      "type": "Foreach",
                      "runtimeConfiguration": {
                        "concurrency": {
                          "repetitions": 10
                        }
                      }
                    }
                  },
                  "runAfter": {
                    "Thread_Prep_Non_ARTCC": [
                      "Succeeded"
                    ]
                  },
                  "metadata": {
                    "operationMetadataId": "06ade785-bf04-46a3-9517-8042d24756b6"
                  },
                  "type": "Scope"
                }
              },
              "runAfter": {
                "Filter_array_-_Non_ARTCC": [
                  "Succeeded"
                ]
              },
              "expression": "@equals(variables('varItemCount'), 0)",
              "limit": {
                "count": 110,
                "timeout": "PT1H"
              },
              "metadata": {
                "operationMetadataId": "7680d28d-2ebf-44af-9fef-af9e918c87b1"
              },
              "type": "Until"
            }
          },
          "runAfter": {
            "Initialize_variable_-_varitemCount": [
              "Succeeded"
            ]
          },
          "metadata": {
            "operationMetadataId": "1e4fa68a-9559-443e-aeb4-1a256b065af9"
          },
          "type": "Scope"
        },
        "Update_Status_to_Pending": {
          "actions": {
            "Fetch_Report_Status": {
              "actions": {
                "Get_Records_from_Report_Statuses": {
                  "runAfter": {},
                  "metadata": {
                    "operationMetadataId": "e49e0516-2525-4723-a5c6-774508bfa431"
                  },
                  "type": "OpenApiConnection",
                  "inputs": {
                    "host": {
                      "connectionName": "shared_commondataserviceforapps_2",
                      "operationId": "ListRecords",
                      "apiId": "/providers/Microsoft.PowerApps/apis/shared_commondataserviceforapps"
                    },
                    "parameters": {
                      "entityName": "burstbpa_eagleeyereportstatuses",
                      "$select": "burstbpa_eagleeyereportstatusid,burstbpa_reportname,burstbpa_reportstatus,burstbpa_currenttimestamp,burstbpa_previoustimestamp",
                      "$filter": "burstbpa_reportname eq 'Currency'"
                    },
                    "authentication": "@parameters('$authentication')"
                  }
                },
                "Get_First_Record": {
                  "runAfter": {
                    "Get_Records_from_Report_Statuses": [
                      "Succeeded"
                    ]
                  },
                  "metadata": {
                    "operationMetadataId": "d01e5836-29f0-4b9a-950d-a26ffb54b197"
                  },
                  "type": "Compose",
                  "inputs": "@outputs('Get_Records_from_Report_Statuses')?['body/value'][0]"
                }
              },
              "runAfter": {},
              "metadata": {
                "operationMetadataId": "d79342dd-6807-4483-b43e-f84038bd7939"
              },
              "type": "Scope"
            },
            "Update_Record": {
              "runAfter": {
                "Fetch_Report_Status": [
                  "Succeeded"
                ]
              },
              "metadata": {
                "operationMetadataId": "eed9511f-4650-4962-9da3-0dd08bbb61ee"
              },
              "type": "OpenApiConnection",
              "inputs": {
                "host": {
                  "connectionName": "shared_commondataserviceforapps_2",
                  "operationId": "UpdateRecord",
                  "apiId": "/providers/Microsoft.PowerApps/apis/shared_commondataserviceforapps"
                },
                "parameters": {
                  "entityName": "burstbpa_eagleeyereportstatuses",
                  "recordId": "@outputs('Get_First_Record')['burstbpa_eagleeyereportstatusid']",
                  "item/burstbpa_currenttimestamp": "@utcNow()",
                  "item/burstbpa_previoustimestamp": "@outputs('Get_First_Record')['burstbpa_currenttimestamp']",
                  "item/burstbpa_reportstatus": "Pending"
                },
                "authentication": "@parameters('$authentication')"
              }
            }
          },
          "runAfter": {
            "Get_Attachment": [
              "Succeeded"
            ]
          },
          "metadata": {
            "operationMetadataId": "9d843b2a-eff2-48c7-8998-fa99f7784f46"
          },
          "type": "Scope"
        },
        "Update_Report_Status": {
          "actions": {
            "Fetch_Report_Status_2": {
              "actions": {
                "Get_Records_from_Report_Statuses_2": {
                  "runAfter": {},
                  "metadata": {
                    "operationMetadataId": "e49e0516-2525-4723-a5c6-774508bfa431"
                  },
                  "type": "OpenApiConnection",
                  "inputs": {
                    "host": {
                      "connectionName": "shared_commondataserviceforapps_2",
                      "operationId": "ListRecords",
                      "apiId": "/providers/Microsoft.PowerApps/apis/shared_commondataserviceforapps"
                    },
                    "parameters": {
                      "entityName": "burstbpa_eagleeyereportstatuses",
                      "$select": "burstbpa_eagleeyereportstatusid,burstbpa_reportname,burstbpa_reportstatus,burstbpa_currenttimestamp,burstbpa_previoustimestamp",
                      "$filter": "burstbpa_reportname eq 'OSA'"
                    },
                    "authentication": "@parameters('$authentication')"
                  }
                },
                "Get_First_Record_2": {
                  "runAfter": {
                    "Get_Records_from_Report_Statuses_2": [
                      "Succeeded"
                    ]
                  },
                  "metadata": {
                    "operationMetadataId": "d01e5836-29f0-4b9a-950d-a26ffb54b197"
                  },
                  "type": "Compose",
                  "inputs": "@outputs('Get_Records_from_Report_Statuses_2')?['body/value'][0]"
                }
              },
              "runAfter": {},
              "metadata": {
                "operationMetadataId": "d79342dd-6807-4483-b43e-f84038bd7939"
              },
              "type": "Scope"
            },
            "Update_Record_2": {
              "runAfter": {
                "Fetch_Report_Status_2": [
                  "Succeeded"
                ]
              },
              "metadata": {
                "operationMetadataId": "b86a2aec-2efe-4956-b360-8d85a3113f32"
              },
              "type": "OpenApiConnection",
              "inputs": {
                "host": {
                  "connectionName": "shared_commondataserviceforapps_2",
                  "operationId": "UpdateRecord",
                  "apiId": "/providers/Microsoft.PowerApps/apis/shared_commondataserviceforapps"
                },
                "parameters": {
                  "entityName": "burstbpa_eagleeyereportstatuses",
                  "recordId": "@outputs('Get_First_Record_2')['burstbpa_eagleeyereportstatusid']",
                  "item/burstbpa_currenttimestamp": "@utcNow()",
                  "item/burstbpa_previoustimestamp": "@outputs('Get_First_Record_2')['burstbpa_currenttimestamp']",
                  "item/burstbpa_reportstatus": "@if(or(not(empty(body('ARTCC_Failures'))),not(empty(body('Non_ARTCC_Failures')))),'Failed','Success')"
                },
                "authentication": "@parameters('$authentication')"
              }
            }
          },
          "runAfter": {
            "Error_Handeling": [
              "Succeeded"
            ]
          },
          "metadata": {
            "operationMetadataId": "32acb984-5de2-4217-9d76-75b7ea2f391e"
          },
          "type": "Scope"
        },
        "Error_Handeling": {
          "actions": {
            "Non_ARTCC_Failures": {
              "runAfter": {
                "ARTCC_Failures": [
                  "Succeeded"
                ]
              },
              "metadata": {
                "operationMetadataId": "a477fbfe-bbbf-449c-b61c-8d82741118aa"
              },
              "type": "Query",
              "inputs": {
                "from": "@result('Non_ARTCC_Threads')",
                "where": "@equals(item()?['status'], 'Failed')"
              }
            },
            "ARTCC_Failures": {
              "runAfter": {},
              "metadata": {
                "operationMetadataId": "209596cd-988c-4311-af53-4186baa5e055"
              },
              "type": "Query",
              "inputs": {
                "from": "@result('ARTCC_Threads')",
                "where": "@equals(item()?['status'], 'Failed')"
              }
            }
          },
          "runAfter": {
            "ARTCC_Threads": [
              "Succeeded"
            ],
            "Non_ARTCC_Threads": [
              "Succeeded"
            ]
          },
          "metadata": {
            "operationMetadataId": "d6f42dee-6e3d-4bdc-824a-b8f52e0b390f"
          },
          "type": "Scope"
        },
        "Bulk_Delete_Job": {
          "actions": {
            "Filter_Set": {
              "actions": {
                "Filter_Operation": {
                  "runAfter": {},
                  "metadata": {
                    "operationMetadataId": "26a8b9b3-7787-4ea6-ba97-c023aa69409f"
                  },
                  "type": "Compose",
                  "inputs": "And",
                  "description": "And or Or Only"
                },
                "Conditions": {
                  "runAfter": {
                    "Filter_Operation": [
                      "Succeeded"
                    ]
                  },
                  "metadata": {
                    "operationMetadataId": "67e4497b-a1cd-4e93-a556-5773b74847d8"
                  },
                  "type": "Compose",
                  "inputs": {
                    "AttributeName": "createdon",
                    "Operator": "LessThan",
                    "Values": [
                      {
                        "Value": "@{formatDateTime(utcNow(),'yyyy-MM-dd')}",
                        "Type": "System.DateTime"
                      }
                    ]
                  },
                  "description": "A comma separated set of JSON objects. If you do not need to filter the job, then make this field an empty object. (i.e. {} )"
                },
                "Bulk_Deletion_with_Conditions": {
                  "runAfter": {
                    "Conditions": [
                      "Succeeded"
                    ]
                  },
                  "metadata": {
                    "operationMetadataId": "fed9fd83-eb5b-4c76-9232-0279c6e2552c"
                  },
                  "type": "OpenApiConnection",
                  "inputs": {
                    "host": {
                      "connectionName": "shared_commondataserviceforapps_2",
                      "operationId": "PerformUnboundAction",
                      "apiId": "/providers/Microsoft.PowerApps/apis/shared_commondataserviceforapps"
                    },
                    "parameters": {
                      "actionName": "BulkDelete",
                      "item/QuerySet": [
                        {
                          "EntityName": "cr788_ee_positionusage",
                          "Criteria": {
                            "FilterOperator": "@{outputs('Filter_Operation')}",
                            "Conditions": [
                              "@outputs('Conditions')"
                            ]
                          }
                        }
                      ],
                      "item/JobName": "PositionUsage.@{utcNow()}",
                      "item/SendEmailNotification": false,
                      "item/ToRecipients": [],
                      "item/CCRecipients": [],
                      "item/RecurrencePattern": "@base64ToString('')",
                      "item/StartDateTime": "@utcNow()",
                      "item/RunNow": false
                    },
                    "authentication": "@parameters('$authentication')"
                  }
                }
              },
              "runAfter": {},
              "metadata": {
                "operationMetadataId": "24551d15-c902-4ace-ba26-3b6d01a45981"
              },
              "type": "Scope",
              "description": "Choices need to be referenced by their Value not their label along with a type of Int32. Filtering based on a lookup column will require the GUID value of the lookup value of type Int32."
            }
          },
          "runAfter": {
            "Update_Report_Status": [
              "Succeeded"
            ]
          },
          "metadata": {
            "operationMetadataId": "86074ab5-f4e9-4fc3-9608-deac8ae90dad"
          },
          "type": "Scope",
          "description": "Copy this scope into your flow for use. The Table Name and Job Name will have to be initialized outside this scope."
        },
        "Get_Attachment": {
          "runAfter": {},
          "metadata": {
            "operationMetadataId": "2245d44b-d752-47b7-9e84-8e1fab7fd2ee"
          },
          "type": "OpenApiConnection",
          "inputs": {
            "host": {
              "connectionName": "shared_office365_1",
              "operationId": "GetAttachment_V2",
              "apiId": "/providers/Microsoft.PowerApps/apis/shared_office365"
            },
            "parameters": {
              "messageId": "@triggerOutputs()?['body/id']",
              "attachmentId": "@triggerOutputs()?['body/attachments'][0]['id']"
            },
            "authentication": "@parameters('$authentication')"
          }
        },
        "Remove_Blank_NDC_Emp_Ids": {
          "runAfter": {
            "BATCH_Prep": [
              "Succeeded"
            ]
          },
          "metadata": {
            "operationMetadataId": "f89e3f38-aeb1-4bcf-b58c-405fa5d19619"
          },
          "type": "Query",
          "inputs": {
            "from": "@body('Select_Values_from_CSV_Array')",
            "where": "@not(equals(item()?['cr788_ndcempid'], ''))"
          },
          "description": "Custom Business logic. Can be removed but references below need to be changed."
        }
      }
    },
    "templateName": ""
  },
  "schemaVersion": "1.0.0.0"
}